{
  "regions": [
    {
      "id:": "13163",
      "name": "Киблич (Винницкая область)"
    },
    {
      "id:": "27019",
      "name": "Кибляры (Закарпатская область)"
    },
    {
      "id:": "116",
      "name": "Киверцы (Волынская область)"
    },
    {
      "id:": "24101",
      "name": "Кившовата (Киевская область)"
    },
    {
      "id:": "12478",
      "name": "Кидеш (Закарпатская область)"
    },
    {
      "id:": "24144",
      "name": "Кидры (Ровенская область)"
    },
    {
      "id:": "81",
      "name": "Киев (Украина)"
    },
    {
      "id:": "20678",
      "name": "Киев (Николаевская область)"
    },
    {
      "id:": "27366",
      "name": "Киевец (Львовская область)"
    },
    {
      "id:": "25753",
      "name": "Кизомыс (Херсонская область)"
    },
    {
      "id:": "27752",
      "name": "Кикова (Житомирська обл.) (Житомирская область)"
    },
    {
      "id:": "446",
      "name": "Килия (Одесская область)"
    },
    {
      "id:": "26810",
      "name": "Кинашев (Ивано-Франковская область)"
    },
    {
      "id:": "26043",
      "name": "Кирданы (Житомирская обл.) (Житомирская область)"
    },
    {
      "id:": "26615",
      "name": "Киреши (Закарпатская область)"
    },
    {
      "id:": "1300",
      "name": "Кириковка(Великописар.р-н) (Сумская область)"
    },
    {
      "id:": "24115",
      "name": "Кирилловка (Донецкая обл., Никольский р-н) (Донецкая область)"
    },
    {
      "id:": "1180",
      "name": "Кирилловка(Акимовский р-н) (Запорожская область)"
    },
    {
      "id:": "853",
      "name": "Кирнасовка (Винницкая область)"
    },
    {
      "id:": "21478",
      "name": "Кирнички (Одесская область)"
    },
    {
      "id:": "28020",
      "name": "Кирьяковка (Николаевская область)"
    },
    {
      "id:": "15175",
      "name": "Киселев (Черниговская область)"
    },
    {
      "id:": "24971",
      "name": "Киселев (Черновицкая область)"
    },
    {
      "id:": "28436",
      "name": "Киселевка (Черниговская область)"
    },
    {
      "id:": "25480",
      "name": "Киселевка (Николаевская обл.) (Николаевская область)"
    },
    {
      "id:": "26700",
      "name": "Киселевка (Херсонская обл.) (Херсонская область)"
    },
    {
      "id:": "27670",
      "name": "Киселевка (Черниговская обл.) (Черниговская область)"
    },
    {
      "id:": "27516",
      "name": "Киселицы (Черновицкая обл.) (Черновицкая область)"
    },
    {
      "id:": "1524",
      "name": "Кислица (Одесская область)"
    },
    {
      "id:": "26118",
      "name": "Кисоричи (Ровенская область)"
    },
    {
      "id:": "18295",
      "name": "Китайгород (Днепропетровская область)"
    },
    {
      "id:": "19733",
      "name": "Китайгород (Кировоградская область)"
    },
    {
      "id:": "20497",
      "name": "Китайгород (Винницкая область)"
    },
    {
      "id:": "23280",
      "name": "Китайгород (Хмельницкая область)"
    },
    {
      "id:": "26281",
      "name": "Китайгород (Днепропетровская обл.) (Днепропетровская область)"
    },
    {
      "id:": "24491",
      "name": "Китченковка (Харьковская область)"
    },
    {
      "id:": "27056",
      "name": "Кицевка (Харьковская область)"
    },
    {
      "id:": "15496",
      "name": "Кицмань (Черниговская область)"
    },
    {
      "id:": "636",
      "name": "Кицмань (Черновицкая область)"
    },
    {
      "id:": "2456",
      "name": "Кишин (Житомирская область)"
    }
  ]
}